Paris,FR
Paris,FR
Paris,FR
Paris,FR
Paris,FR
Paris,FR
Paris,FR
Antibes,FR
Asnières-sur-Seine,FR
Romainville,FR
Romainville,FR
Romainville,FR
NANTES,FR
PARIS,FR
Noyal sur Vilaine,FR
Paris,FR
NANTES,FR
Bordeaux,FR
LILLE,FR
LILLE,FR
Rennes,FR
PARIS,FR
Rennes,FR
Sutton,GB
Thibaud David,FR
Paris,FR
Paris,FR
Lyon,FR
VOISINS-LE-BRETONNEUX,FR
Toulouse,FR
Villate,FR
Vancouver,CA
Lyon,FR
Torrevieja,ES
Porto,PT
Chissay-en-Touraine,FR
Draveil,FR
Paris,FR
Cork,IE
LONDON,GB
Paris,FR
London,GB
le Rouret,FR
Francheville,FR
Paris,FR
Paris,FR
Paris,FR
Paris,FR
Noisy le Sec,FR
Barcelona,ES
Lyon,FR
Lyon,FR
LYON,FR
Lyon,FR
Darmstadt,DE
SAINT-DREZERY,FR
Haguenau,FR
,FR
,FR
Athens,CY
Fontvielle,FR
Paris,FR
ST SEBASTIEN SUR LOIRE,FR
,FR
,FR
,FR
,FR
,FR
Munich,DE
Nottingham,GB
Nottingham,GB
Paris,FR
Paris,FR
Paris,FR
Amsterdam,NL
Paris,FR
BEYNES,FR
Stuttgart,DE
Stuttgart,DE
Dortmund,DE
,FR
,FR
,FR
Taurage,LT
Paris,FR
Zagreb,HR
Zagreb,HR
Chaville,FR
,FR
,FR
,FR
,FR
,FR
,FR
,FR
,FR
Bois-Colombes,FR
Paris,FR
Paris,FR
Paris,FR
Paris,FR
Paris,FR
Paris,FR
Tetovo,MK
PARIS,FR
Boulogne Billancourt,FR
Boulogne Billancourt,FR
Boulogne Billancourt,FR
Boulogne Billancourt,FR
Lyon,FR
London,GB
Cesson Sevigné,FR
MORDELLES,FR
Paris,FR
Paris,FR
Paris,FR
Barcelona,ES
Barcelona,ES
Montrouge,FR
Villiers sur Marne,FR
vitry sur seine,FR
CLAMART,FR
Chatillon,FR
Madison,US
Paris,FR
Paris,FR
Paris,FR
Kraków,PL
Kraków,PL
BEOGRAD,RS
BEOGRAD,RS
Amsterdam,NL
Rennes,FR
London,GB
London,GB
London,GB
Deerlijk,BE
Gent,BE
Paris,FR
Paris,FR
Karlsruhe,DE
Differdange,LU
Differdange,LU
Livry Gargan,FR
Paris,FR
Villerbanne,FR
Villerbanne,FR
Villerbanne,FR
Paris CEDEX,FR
Paris CEDEX,FR
Zoetermeer,NL
Hamburg,DE
,GB
,GB
,GB
,GB
London,GB
Kidlington,GB
Antwerpen,BE
Antwerpen,BE
Paris,FR
Paris,FR
Paris,FR
Paris,FR
Ingelheim am Rhein,DE
PARIS,FR
PARIS,FR
PARIS,FR
PARIS,FR
St.Petersburg,RU
,FR
Paris,FR
Paris,FR
Paris,FR
Paris,FR
Paris,FR
Romainville,FR
Romainville,FR
Romainville,FR
Walldorf,DE
paris,FR
paris,FR
Paris,FR
Warsaw,PL
Lyon,FR
Levallois-Perret,FR
Caluire et Cuire,FR
Neuville sur Saone,FR
Paris,FR
Paris,FR
Paris,FR
Paris,FR
Paris,FR
Paris,FR
Levallois-Perret,FR
Kaunas,LT
Kaunas,LT
Kaunas,LT
Stockholm,SE
London,GB
Auirbeau sur Siagne,FR
,FR
,FR
,FR
,FR
,FR
,FR
Warsaw,PL
,FR
BOULOGNE-BILLANCOURT,FR
BOULOGNE-BILLANCOURT,FR
BOULOGNE-BILLANCOURT,FR
BOULOGNE-BILLANCOURT,FR
BOULOGNE-BILLANCOURT,FR
Saint Mars la Briere,FR
Issy-Les-Moulineaux,FR
Issy-Les-Moulineaux,FR
Paris,FR
Paris,FR
Paris,FR
le Kremlin Bicetre,FR
le Kremlin Bicetre,FR
Chaumont en Vexin,FR
London,GB
London,GB
Lvovskiy,RU
London,GB
Niort,FR
Paris,FR
Waddinxveen,NL
PARIS,FR
PARIS,FR
Brugge,BE
Cluj-Napoca,RO
Cluj-Napoca,RO
Cluj-Napoca,RO
Cluj-Napoca,RO
Cluj-Napoca,RO
Cluj-Napoca,RO
Cluj-Napoca,RO
Lyon,FR
Lisboa,PT
Lisboa,PT
London,GB
London,GB
London,GB
Cascais,PT
London,GB
Aachen,DE
,FR
,FR
,FR
,FR
,FR
,FR
,FR
,FR
,FR
,FR
,FR
,FR
,FR
,FR
,FR
,FR
,FR
,FR
,FR
,FR
,FR
,FR
,FR
,FR
,FR
London,GB
Paris,FR
,FR
,FR
,FR
Toulouse,FR
London,GB
London,GB
BARCELONA,ES
Levallois-Perret,FR
Levallois-Perret,FR
Levallois-Perret,FR
Kyiv,UA
Paris,FR
Paris,FR
Paris,FR
,FR
CASTRIES,FR
Madrid,ES
Madrid,ES
Berlin,DE
PARIS,FR
LIDINGÖ,SE
London,GB
Seeheim-Jugenheim,DE
Amsterdam,NL
Utrecht,NL
Utrecht,NL
Amsterdam,NL
Amsterdam,NL
Paris,FR
Paris,FR
Aachen,DE
HRoa,NO
,FR
,FR
,FR
,FR
,FR
,FR
,FR
,FR
,FR
Chatou,FR
,FR
,FR
,FR
,FR
,FR
Bordeaux,FR
Bordeaux,FR
Saint Gilles,BE
Brussels,BE
CESSON SEVIGNE,FR
Montferrier sur Lez,FR
Düren,DE
Deerlijk,BE
Boulogne-Billancourt,FR
Köln,DE
,FR
Paris,FR
Paris,FR
Milano,IT
Boulogne Billancourt,FR
Boulogne Billancourt,FR
Velizy,FR
Seoul,KR
PARIS,FR
Rotterdam,NL
Didcot,GB
75010,FR
ISSY LES MOULINEAUX,FR
Ris-Orangis,FR
Paris,FR
Paris,FR
Toledo,US
Paris,FR
Paris,FR
Paris,FR
Hamburg,DE
Vienna,AT
Hasselt,BE
Hasselt,BE
Hasselt,BE
Clichy,FR
Paris,FR
Paris,FR
Paris,FR
Nognet Sur Marne,FR
London,GB
London,GB
London,GB
London,GB
London,GB
London,GB
London,GB
London,GB
London,GB
London,GB
London,GB
London,GB
London,GB
London,GB
PALAISEAU,FR
PALAISEAU,FR
75020,FR
London,GB
New Rochelle,US
Paris,FR
Paris,FR
Chissay en Touraine,FR
PARIS,FR
Paris,FR
Levallois-Perret,FR
Levallois-Perret,FR
Levallois-Perret,FR
Paris,FR
Paris,FR
,FR
,FR
,FR
,FR
,FR
Sharnbrook,GB
Sofia,BG
Paris,FR
Manchester,GB
Paris,FR
Paris,FR
Paris,FR
Paris,FR
Paris,FR
Paris,FR
Labège,FR
Labège,FR
Toulouse,FR
London,GB
Levallois-Perret,FR
Levallois-Perret,FR
Levallois-Perret,FR
Lannion,FR
,FR
,FR
,FR
Chatillon,FR
Herentals,BE
Bucuresti,RO
Bucuresti,RO
Villeurbanne,FR
Villeurbanne,FR
Villeurbanne,FR
75009 - PARIS 09,FR
75009 - PARIS 09,FR
Paris,FR
Paris,FR
Heino,NL
Amsterdam,NL
,FR
,FR
Berlin,DE
Berlin,DE
Minsk,BY
Rotterdam,NL
Rotterdam,NL
Rotterdam,NL
Dortmund,DE
Antony,FR
Hergenrath,BE
Boulogne Billancourt,FR
Paris,FR
Bussy St Georges,FR
Paris,FR
Amstelveen,NL
Sofia,BG
Paris,FR
LOOS,FR
LOOS,FR
Paris-la-Défense,FR
,FR
Paris,FR
Paris,FR
San Francisco,US
75008,FR
,FR
,FR
,FR
Stockholm,SE
Stockholm,SE
Stockholm,SE
flushing,US
Lyon,FR
Lyon,FR
,FR
,FR
,FR
Paris,FR
Fontenay-Aix Roses,FR
Vernouillet,FR
Vernouillet,FR
Paris,FR
Paris,FR
Paris,FR
Paris,FR
Paris,FR
Paris,FR
Paris,FR
Paris,FR
London,GB
Guildford,GB
Boulogne Billancourt,FR
Boulogne Billancourt,FR
Woking,GB
Woking,GB
,FR
,FR
,FR
,FR
,FR
,FR
,FR
,FR
,FR
,FR
,FR
,FR
,FR
,FR
,FR
,FR
,FR
,FR
,FR
,FR
,FR
,FR
,FR
,FR
,FR
,FR
,FR
,FR
,FR
,FR
Puteaux,FR
Puteaux,FR
London,GB
,FR
,FR
,FR
,FR
,FR
,FR
,FR
,FR
,FR
,FR
,FR
,FR
,FR
,FR
,FR
,FR
,FR
Cleveland,US
London,UK
Boston,US
Pittsburg,US
Chicago,US
San Jose,US
NYC,US
Cupertino,US
London,UK
,FR
,FR
,FR
,FR
,FR
,FR
,FR
,FR
,FR
,FR
,FR
,FR
,FR
,FR
,FR
,FR
,FR
,FR
,FR
,FR
,FR
Antony,FR
Paris,FR
Cranleigh,GB
Cranleigh,GB
Paris,FR
Cranleigh,GB
Levallois,FR
Boulogne Billancourt,FR
Boulogne Billancourt,FR
Boulogne Billancourt,FR
London,GB
Chambéry,FR
PARIS,FR
Courbevoie,FR
Marigny L’Église,FR
Montreuil,FR
Paris,FR
TASSIN-LA-DEMI-LUNE,FR
Neuilly sur seine,FR
Boulogne  Billancourt,FR
Boulogne  Billancourt,FR
Rotterdam,NL
